Workbook

Sheet README
A1: Sanctions & PEP Screening Workflow (Excel)
A3: A no-code sanctions/PEP screening workflow, built entirely in Excel formulas, screening a synthetic customer book against a sanctions/PEP reference list structured the way OpenSanctions and OFAC's SDN list organize their data (entity, aliases, country, date of birth, list program).
A5: IMPORTANT DATA NOTE: The 'Sanctions_PEP_List' tab is a small, entirely fictional sample built to mirror the SCHEMA of a real sanctions/PEP feed - it is not, and must not be mistaken for, an actual sanctions or PEP list. For production use, an institution would connect this same workflow logic to the real OpenSanctions consolidated dataset (opensanctions.org) or OFAC's SDN list (sanctionslist.ofac.treas.gov), refreshed on the vendor's update cadence, not to this demo data.
A7: How to use this workbook:
A8: 1. 'Sanctions_PEP_List' — the reference list being screened against.
A9: 2. 'Customers_to_Screen' — the book of customers being checked.
A10: 3. 'Screening_Results' — the matching engine and the analyst's alert queue. Use the AutoFilter on row 1 to filter the 'disposition' column down to anything other than CLEAR.
A12: Match types this workflow detects:
A13: - Exact name match — customer's stated name matches a sanctioned/PEP entity's primary name exactly (case-insensitive).
A14: - Alias match — customer's stated name matches one of the known aliases on file for a sanctioned/PEP entity.
A15: - Partial/token match — the customer's name shares its first and remaining name components with a list entry, without being an exact match (catches things like a dropped middle name or minor spelling variation).
A16: - Secondary identifier corroboration — for any name-based hit, the workflow separately checks whether the customer's date of birth or country also matches that same list entry. This distinguishes a same-name coincidence (e.g. a customer who happens to share a name with a sanctioned individual born decades earlier in another country) from a corroborated potential hit — without ever auto-clearing a name match on that basis alone, since secondary-identifier data can itself be incomplete or wrong.
... A25: A documented limitation: this uses substring and first/remainder-token matching, not true fuzzy (edit-distance) matching like the Jaro-Winkler or Levenshtein algorithms used in commercial screening platforms (World-Check, LexisNexis Bridger). Pure Excel formulas can't express edit-distance scoring without VBA or Power Query. This is a deliberate, disclosed trade-off appropriate for a first-pass or small-institution screening tool — the token method will catch transliteration variants (e.g. a dropped hyphen) but not distant misspellings, and a production deployment would pair this with a true fuzzy-matching engine.

Sheet Sanctions_PEP_List
A1: entity_id | B1: primary_name | C1: aliases | D1: entity_type | E1: country | F1: date_of_birth | G1: list_program | H1: risk_category | I1: source_note
A2: S001 | B2: Farid Al-Nassar | C2: Farid Al Nassar; F. Al-Nassar | D2: Person | E2: SY | F2: 1968-03-12 | G2: OFAC SDN | H2: Sanctioned | I2: Asset freeze - designated entity network
A3: S002 | B3: Dmitri Volkov | C3: Dmitry Volkov; D. Volkov | D3: Person | E3: RU | F3: 1975-11-02 | G3: EU Sanctions List | H3: Sanctioned | I3: Travel ban and asset freeze
A4: S003 | B4: Consolidated Metals JSC | C4: ConMetals JSC; Consolidated Metal Company | D4: Entity | E4: RU | G4: OFAC SDN | H4: Sanctioned | I4: Sectoral sanctions - metals trade
A5: S004 | B5: Amara Diallo | C5: Amara Diallo-Toure | D5: Person | E5: ML | F5: 1982-06-30 | G5: UN Consolidated List | H5: Sanctioned | I5: Arms embargo violation
A6: S005 | B6: Silverline Trading FZE | C6: Silverline Trading; SL Trading FZE | D6: Entity | E6: AE | G6: OFAC SDN | H6: Sanctioned | I6: Front company - sanctions evasion
A7: S006 | B7: Hassan Al-Rashid | C7: Hassan Al Rashid; H.A. Rashid | D7: Person | E7: IQ | F7: 1971-01-19 | G7: UK OFSI | H7: Sanctioned | I7: Asset freeze
A8: S007 | B8: Yelena Petrova | C8: Elena Petrova; Y. Petrova | D8: Person | E8: BY | F8: 1979-09-08 | G8: EU Sanctions List | H8: Sanctioned | I8: Support for repression
A9: S008 | B9: Global Trading Co | C9: Global Trading Company Ltd | D9: Entity | E9: HK | G9: OFAC SDN | H9: Sanctioned | I9: Proliferation financing network
A10: S009 | B10: Nasser Al-Khalidi | C10: Nasser Khalidi | D10: Person | E10: SY | F10: 1965-04-22 | G10: UN Consolidated List | H10: Sanctioned | I10: Regime-affiliated financier
A11: S010 | B11: Offshore Holdings LLC | C11: Offshore Holdings; OH Holdings LLC | D11: Entity | E11: AE | G11: OFAC SDN | H11: Sanctioned | I11: Shell company - beneficial ownership concealment
A12: P011 | B12: Grace Ito | D12: Person | E12: JP | F12: 1958-02-14 | G12: PEP - Foreign Official | H12: PEP | I12: Former deputy minister of finance
A13: P012 | B13: Carlos Mendez Vidal | C13: Carlos Mendez | D13: Person | E13: MX | F13: 1964-08-05 | G13: PEP - Foreign Official | H13: PEP | I13: Sitting state governor
A14: P013 | B14: Aisha Bello Suleiman | C14: Aisha Bello | D14: Person | E14: NG | F14: 1970-12-01 | G14: PEP - Foreign Official | H14: PEP | I14: Central bank board member
A15: P014 | B15: Viktor Horvat | C15: V. Horvat | D15: Person | E15: HR | F15: 1961-05-17 | G15: PEP - Foreign Official | H15: PEP | I15: Former ambassador
A16: P015 | B16: Linh Tran Thi | C16: Tran Thi Linh | D16: Person | E16: VN | F16: 1973-03-09 | G16: PEP - Domestic | H16: PEP | I16: State-owned enterprise chairperson
A17: S016 | B17: Boris Kuznetsov | C17: B. Kuznetsov; Boris Kuznetzov | D17: Person | E17: RU | F17: 1969-07-25 | G17: EU Sanctions List | H17: Sanctioned | I17: Oligarch network - asset freeze
A18: S017 | B18: Meridian Shipping Group | C18: Meridian Shipping; MSG Ltd | D18: Entity | E18: PA | G18: OFAC SDN | H18: Sanctioned | I18: Sanctions evasion - shipping
A19: S018 | B19: Khalid Ibrahim Mansour | C19: K.I. Mansour; Khalid Mansour | D19: Person | E19: SD | F19: 1977-10-11 | G19: UN Consolidated List | H19: Sanctioned | I19: Asset freeze - conflict financing
A20: S019 | B20: Northbridge Capital Partners | C20: Northbridge Capital | D20: Entity | E20: CY | G20: OFAC SDN | H20: Sanctioned | I20: Sanctions evasion - investment vehicle
A21: S020 | B21: Anatoly Sokolov | C21: A. Sokolov | D21: Person | E21: RU | F21: 1966-02-28 | G21: UK OFSI | H21: Sanctioned | I21: Asset freeze
A22: P021 | B22: Rosa Fernandez Castillo | C22: Rosa Fernandez | D22: Person | E22: AR | F22: 1959-11-23 | G22: PEP - Foreign Official | H22: PEP | I22: Former finance minister
A23: P022 | B23: Kwame Owusu Ansah | C23: Kwame Owusu | D23: Person | E23: GH | F23: 1963-09-14 | G23: PEP - Domestic | H23: PEP | I23: Regional governor
A24: S023 | B24: Petrov Energy Holdings | C24: Petrov Energy | D24: Entity | E24: RU | G24: EU Sanctions List | H24: Sanctioned | I24: Sectoral sanctions - energy
A25: S024 | B25: Faisal Al-Otaibi | C25: Faisal Al Otaibi; F. Otaibi | D25: Person | E25: YE | F25: 1974-06-19 | G25: UN Consolidated List | H25: Sanctioned | I25: Arms trafficking network
A26: S025 | B26: Everline Trading DMCC | C26: Everline Trading | D26: Entity | E26: AE | G26: OFAC SDN | H26: Sanctioned | I26: Gold trade sanctions evasion

Sheet Customers_to_Screen
A1: customer_id | B1: customer_name | C1: date_of_birth | D1: country | E1: account_type | F1: onboarding_date
A2: C001 | B2: James Whitfield | C2: 1990-04-11 | D2: US | E2: checking | F2: 2023-01-10
A3: C002 | B3: Maria Lopez | C3: 1985-07-22 | D3: US | E3: savings | F3: 2022-05-14
A4: C003 | B4: Wei Chen | C4: 1992-11-03 | D4: US | E4: checking | F4: 2024-02-01
A5: C004 | B5: Sarah Johnson | C5: 1988-01-29 | D5: US | E5: business | F5: 2021-09-19
A6: C005 | B6: David Okafor | C6: 1979-03-15 | D6: US | E6: checking | F6: 2020-06-30
A7: C006 | B7: Priya Sharma | C7: 1995-08-08 | D7: US | E7: savings | F7: 2023-11-02
A8: C007 | B8: Thomas Nguyen | C8: 1983-12-20 | D8: US | E8: checking | F8: 2019-04-25
A9: C008 | B9: Emily Carter | C9: 1991-06-17 | D9: US | E9: checking | F9: 2022-08-08
A10: C009 | B10: Luca Romano | C10: 1987-02-09 | D10: US | E10: business | F10: 2020-12-15
A11: C010 | B11: Hannah Kim | C11: 1993-10-05 | D11: US | E11: savings | F11: 2024-05-20
A12: C011 | B12: Michael Brooks | C12: 1980-05-27 | D12: US | E12: checking | F12: 2018-03-11
... A17: C016 | B17: Elena Petrova | C17: 1979-09-08 | D17: BY | E17: checking | F17: 2024-04-18
A18: C017 | B18: Consolidated Metal Company | D18: RU | E18: business | F18: 2023-12-05
A19: C018 | B19: Hassan Al Rashid | C19: 1971-01-19 | D19: IQ | E19: checking | F19: 2024-02-14
A20: C019 | B20: Boris Kuznetzov | C20: 1969-07-25 | D20: RU | E20: checking | F20: 2024-03-30
A21: C020 | B21: Khalid Mansour | C21: 1977-10-11 | D21: SD | E21: checking | F21: 2024-01-09
A22: C021 | B22: Carlos Mendez | C22: 1964-08-05 | D22: MX | E22: business | F22: 2022-10-01
A23: C022 | B23: Aisha Bello | C23: 1970-12-01 | D23: NG | E23: checking | F23: 2023-05-17
A24: C023 | B24: Kwame Owusu | C24: 1963-09-14 | D24: GH | E24: business | F24: 2021-11-08
A25: C024 | B25: Rebecca Adams | C25: 1994-03-02 | D25: US | E25: checking | F25: 2023-09-09
A26: C025 | B26: Daniel Foster | C26: 1989-07-19 | D26: US | E26: savings | F26: 2022-01-27
A27: C026 | B27: Olivia Martinez | C27: 1997-02-25 | D27: US | E27: checking | F27: 2024-07-13
A28: C027 | B28: Ahmed Hassan | C28: 1982-04-06 | D28: US | E28: checking | F28: 2020-08-22
A29: C028 | B29: Grace Chen | C29: 1991-12-12 | D29: US | E29: checking | F29: 2023-02-28
A30: C029 | B30: Robert Hayes | C30: 1975-10-30 | D30: US | E30: business | F30: 2019-06-05
A31: C030 | B31: Nadia Petrov | C31: 1986-06-14 | D31: US | E31: checking | F31: 2024-03-11

Sheet Screening_Results
A1: customer_id | B1: customer_name | C1: date_of_birth | D1: country | E1: name_token_1 | F1: name_token_2 | G1: exact_name_match_count | H1: alias_match_count | I1: partial_token_match_count | J1: dob_or_country_corroboration_count | K1: matched_names_exact_or_alias | L1: matched_programs_exact_or_alias | M1: matched_names_partial | N1: disposition
A2: C001 | B2: James Whitfield | C2: 1990-04-11 | D2: US | E2: =TRIM(LEFT(B2,FIND(" ",B2&" ")-1)) -> James | F2: =TRIM(MID(B2,FIND(" ",B2&" ")+1,255)) -> Whitfield | G2: =SUMPRODUCT(--(UPPER(TRIM(Sanctions_PEP_List!$B$2:$B$26))=UPPER(TRIM(B2)))) -> 0 | H2: =SUMPRODUCT(--ISNUMBER(SEARCH(UPPER(TRIM(B2)),UPPER(Sanctions_PEP_List!$C$2:$C$26)))) -> 0 | I2: =SUMPRODUCT(ISNUMBER(SEARCH(UPPER(E2),UPPER(Sanctions_PEP_List!$B$2:$B$26)))*IF(F2<>"",ISNUMBER(SEARCH(UPPER(F2),UPPER(Sanctions_PEP_List!$B$2:$B$26))),1)) -> 0 | J2: =SUMPRODUCT((UPPER(TRIM(Sanctions_PEP_List!$B$2:$B$26))=UPPER(TRIM(B2)))*(((Sanctions_PEP_List!$F$2:$F$26<>"")*(C2<>"")*(Sanctions_PEP_List!$F$2:$F$26=C2))+(Sanctions_PEP_List!$E$2:$E$26=D2))) -> 0 | K2: {=_xlfn.TEXTJOIN(", ",TRUE(),IF((UPPER(TRIM(Sanctions_PEP_List!$B$2:$B$26))=UPPER(TRIM(B2)))+(ISNUMBER(SEARCH(UPPER(TRIM(B2)),UPPER(Sanctions_PEP_List!$C$2:$C$26))))>0,Sanctions_PEP_List!$B$2:$B$26,""))} | L2: {=_xlfn.TEXTJOIN(", ",TRUE(),IF((UPPER(TRIM(Sanctions_PEP_List!$B$2:$B$26))=UPPER(TRIM(B2)))+(ISNUMBER(SEARCH(UPPER(TRIM(B2)),UPPER(Sanctions_PEP_List!$C$2:$C$26))))>0,Sanctions_PEP_List!$G$2:$G$26,""))} | M2: {=_xlfn.TEXTJOIN(", ",TRUE(),IF(ISNUMBER(SEARCH(UPPER(E2),UPPER(Sanctions_PEP_List!$B$2:$B$26)))*IF(F2<>"",ISNUMBER(SEARCH(UPPER(F2),UPPER(Sanctions_PEP_List!$B$2:$B$26))),1)>0,Sanctions_PEP_List!$B$2:$B$26,""))} | N2: =IF(G2>0,"CONFIRMED NAME MATCH - escalate for identity verification",IF(H2>0,"ALIAS MATCH - escalate for identity verification",IF(I2>=1,"POSSIBLE MATCH (partial name) - manual review","CLEAR"))) -> CLEAR
A3: C002 | B3: Maria Lopez | C3: 1985-07-22 | D3: US | E3: =TRIM(LEFT(B3,FIND(" ",B3&" ")-1)) -> Maria | F3: =TRIM(MID(B3,FIND(" ",B3&" ")+1,255)) -> Lopez | G3: =SUMPRODUCT(--(UPPER(TRIM(Sanctions_PEP_List!$B$2:$B$26))=UPPER(TRIM(B3)))) -> 0 | H3: =SUMPRODUCT(--ISNUMBER(SEARCH(UPPER(TRIM(B3)),UPPER(Sanctions_PEP_List!$C$2:$C$26)))) -> 0 | I3: =SUMPRODUCT(ISNUMBER(SEARCH(UPPER(E3),UPPER(Sanctions_PEP_List!$B$2:$B$26)))*IF(F3<>"",ISNUMBER(SEARCH(UPPER(F3),UPPER(Sanctions_PEP_List!$B$2:$B$26))),1)) -> 0 | J3: =SUMPRODUCT((UPPER(TRIM(Sanctions_PEP_List!$B$2:$B$26))=UPPER(TRIM(B3)))*(((Sanctions_PEP_List!$F$2:$F$26<>"")*(C3<>"")*(Sanctions_PEP_List!$F$2:$F$26=C3))+(Sanctions_PEP_List!$E$2:$E$26=D3))) -> 0 | K3: {=_xlfn.TEXTJOIN(", ",TRUE(),IF((UPPER(TRIM(Sanctions_PEP_List!$B$2:$B$26))=UPPER(TRIM(B3)))+(ISNUMBER(SEARCH(UPPER(TRIM(B3)),UPPER(Sanctions_PEP_List!$C$2:$C$26))))>0,Sanctions_PEP_List!$B$2:$B$26,""))} | L3: {=_xlfn.TEXTJOIN(", ",TRUE(),IF((UPPER(TRIM(Sanctions_PEP_List!$B$2:$B$26))=UPPER(TRIM(B3)))+(ISNUMBER(SEARCH(UPPER(TRIM(B3)),UPPER(Sanctions_PEP_List!$C$2:$C$26))))>0,Sanctions_PEP_List!$G$2:$G$26,""))} | M3: {=_xlfn.TEXTJOIN(", ",TRUE(),IF(ISNUMBER(SEARCH(UPPER(E3),UPPER(Sanctions_PEP_List!$B$2:$B$26)))*IF(F3<>"",ISNUMBER(SEARCH(UPPER(F3),UPPER(Sanctions_PEP_List!$B$2:$B$26))),1)>0,Sanctions_PEP_List!$B$2:$B$26,""))} | N3: =IF(G3>0,"CONFIRMED NAME MATCH - escalate for identity verification",IF(H3>0,"ALIAS MATCH - escalate for identity verification",IF(I3>=1,"POSSIBLE MATCH (partial name) - manual review","CLEAR"))) -> CLEAR
A4: C003 | B4: Wei Chen | C4: 1992-11-03 | D4: US | E4: =TRIM(LEFT(B4,FIND(" ",B4&" ")-1)) -> Wei | F4: =TRIM(MID(B4,FIND(" ",B4&" ")+1,255)) -> Chen | G4: =SUMPRODUCT(--(UPPER(TRIM(Sanctions_PEP_List!$B$2:$B$26))=UPPER(TRIM(B4)))) -> 0 | H4: =SUMPRODUCT(--ISNUMBER(SEARCH(UPPER(TRIM(B4)),UPPER(Sanctions_PEP_List!$C$2:$C$26)))) -> 0 | I4: =SUMPRODUCT(ISNUMBER(SEARCH(UPPER(E4),UPPER(Sanctions_PEP_List!$B$2:$B$26)))*IF(F4<>"",ISNUMBER(SEARCH(UPPER(F4),UPPER(Sanctions_PEP_List!$B$2:$B$26))),1)) -> 0 | J4: =SUMPRODUCT((UPPER(TRIM(Sanctions_PEP_List!$B$2:$B$26))=UPPER(TRIM(B4)))*(((Sanctions_PEP_List!$F$2:$F$26<>"")*(C4<>"")*(Sanctions_PEP_List!$F$2:$F$26=C4))+(Sanctions_PEP_List!$E$2:$E$26=D4))) -> 0 | K4: {=_xlfn.TEXTJOIN(", ",TRUE(),IF((UPPER(TRIM(Sanctions_PEP_List!$B$2:$B$26))=UPPER(TRIM(B4)))+(ISNUMBER(SEARCH(UPPER(TRIM(B4)),UPPER(Sanctions_PEP_List!$C$2:$C$26))))>0,Sanctions_PEP_List!$B$2:$B$26,""))} | L4: {=_xlfn.TEXTJOIN(", ",TRUE(),IF((UPPER(TRIM(Sanctions_PEP_List!$B$2:$B$26))=UPPER(TRIM(B4)))+(ISNUMBER(SEARCH(UPPER(TRIM(B4)),UPPER(Sanctions_PEP_List!$C$2:$C$26))))>0,Sanctions_PEP_List!$G$2:$G$26,""))} | M4: {=_xlfn.TEXTJOIN(", ",TRUE(),IF(ISNUMBER(SEARCH(UPPER(E4),UPPER(Sanctions_PEP_List!$B$2:$B$26)))*IF(F4<>"",ISNUMBER(SEARCH(UPPER(F4),UPPER(Sanctions_PEP_List!$B$2:$B$26))),1)>0,Sanctions_PEP_List!$B$2:$B$26,""))} | N4: =IF(G4>0,"CONFIRMED NAME MATCH - escalate for identity verification",IF(H4>0,"ALIAS MATCH - escalate for identity verification",IF(I4>=1,"POSSIBLE MATCH (partial name) - manual review","CLEAR"))) -> CLEAR
A5: C004 | B5: Sarah Johnson | C5: 1988-01-29 | D5: US | E5: =TRIM(LEFT(B5,FIND(" ",B5&" ")-1)) -> Sarah | F5: =TRIM(MID(B5,FIND(" ",B5&" ")+1,255)) -> Johnson | G5: =SUMPRODUCT(--(UPPER(TRIM(Sanctions_PEP_List!$B$2:$B$26))=UPPER(TRIM(B5)))) -> 0 | H5: =SUMPRODUCT(--ISNUMBER(SEARCH(UPPER(TRIM(B5)),UPPER(Sanctions_PEP_List!$C$2:$C$26)))) -> 0 | I5: =SUMPRODUCT(ISNUMBER(SEARCH(UPPER(E5),UPPER(Sanctions_PEP_List!$B$2:$B$26)))*IF(F5<>"",ISNUMBER(SEARCH(UPPER(F5),UPPER(Sanctions_PEP_List!$B$2:$B$26))),1)) -> 0 | J5: =SUMPRODUCT((UPPER(TRIM(Sanctions_PEP_List!$B$2:$B$26))=UPPER(TRIM(B5)))*(((Sanctions_PEP_List!$F$2:$F$26<>"")*(C5<>"")*(Sanctions_PEP_List!$F$2:$F$26=C5))+(Sanctions_PEP_List!$E$2:$E$26=D5))) -> 0 | K5: {=_xlfn.TEXTJOIN(", ",TRUE(),IF((UPPER(TRIM(Sanctions_PEP_List!$B$2:$B$26))=UPPER(TRIM(B5)))+(ISNUMBER(SEARCH(UPPER(TRIM(B5)),UPPER(Sanctions_PEP_List!$C$2:$C$26))))>0,Sanctions_PEP_List!$B$2:$B$26,""))} | L5: {=_xlfn.TEXTJOIN(", ",TRUE(),IF((UPPER(TRIM(Sanctions_PEP_List!$B$2:$B$26))=UPPER(TRIM(B5)))+(ISNUMBER(SEARCH(UPPER(TRIM(B5)),UPPER(Sanctions_PEP_List!$C$2:$C$26))))>0,Sanctions_PEP_List!$G$2:$G$26,""))} | M5: {=_xlfn.TEXTJOIN(", ",TRUE(),IF(ISNUMBER(SEARCH(UPPER(E5),UPPER(Sanctions_PEP_List!$B$2:$B$26)))*IF(F5<>"",ISNUMBER(SEARCH(UPPER(F5),UPPER(Sanctions_PEP_List!$B$2:$B$26))),1)>0,Sanctions_PEP_List!$B$2:$B$26,""))} | N5: =IF(G5>0,"CONFIRMED NAME MATCH - escalate for identity verification",IF(H5>0,"ALIAS MATCH - escalate for identity verification",IF(I5>=1,"POSSIBLE MATCH (partial name) - manual review","CLEAR"))) -> CLEAR
A6: C005 | B6: David Okafor | C6: 1979-03-15 | D6: US | E6: =TRIM(LEFT(B6,FIND(" ",B6&" ")-1)) -> David | F6: =TRIM(MID(B6,FIND(" ",B6&" ")+1,255)) -> Okafor | G6: =SUMPRODUCT(--(UPPER(TRIM(Sanctions_PEP_List!$B$2:$B$26))=UPPER(TRIM(B6)))) -> 0 | H6: =SUMPRODUCT(--ISNUMBER(SEARCH(UPPER(TRIM(B6)),UPPER(Sanctions_PEP_List!$C$2:$C$26)))) -> 0 | I6: =SUMPRODUCT(ISNUMBER(SEARCH(UPPER(E6),UPPER(Sanctions_PEP_List!$B$2:$B$26)))*IF(F6<>"",ISNUMBER(SEARCH(UPPER(F6),UPPER(Sanctions_PEP_List!$B$2:$B$26))),1)) -> 0 | J6: =SUMPRODUCT((UPPER(TRIM(Sanctions_PEP_List!$B$2:$B$26))=UPPER(TRIM(B6)))*(((Sanctions_PEP_List!$F$2:$F$26<>"")*(C6<>"")*(Sanctions_PEP_List!$F$2:$F$26=C6))+(Sanctions_PEP_List!$E$2:$E$26=D6))) -> 0 | K6: {=_xlfn.TEXTJOIN(", ",TRUE(),IF((UPPER(TRIM(Sanctions_PEP_List!$B$2:$B$26))=UPPER(TRIM(B6)))+(ISNUMBER(SEARCH(UPPER(TRIM(B6)),UPPER(Sanctions_PEP_List!$C$2:$C$26))))>0,Sanctions_PEP_List!$B$2:$B$26,""))} | L6: {=_xlfn.TEXTJOIN(", ",TRUE(),IF((UPPER(TRIM(Sanctions_PEP_List!$B$2:$B$26))=UPPER(TRIM(B6)))+(ISNUMBER(SEARCH(UPPER(TRIM(B6)),UPPER(Sanctions_PEP_List!$C$2:$C$26))))>0,Sanctions_PEP_List!$G$2:$G$26,""))} | M6: {=_xlfn.TEXTJOIN(", ",TRUE(),IF(ISNUMBER(SEARCH(UPPER(E6),UPPER(Sanctions_PEP_List!$B$2:$B$26)))*IF(F6<>"",ISNUMBER(SEARCH(UPPER(F6),UPPER(Sanctions_PEP_List!$B$2:$B$26))),1)>0,Sanctions_PEP_List!$B$2:$B$26,""))} | N6: =IF(G6>0,"CONFIRMED NAME MATCH - escalate for identity verification",IF(H6>0,"ALIAS MATCH - escalate for identity verification",IF(I6>=1,"POSSIBLE MATCH (partial name) - manual review","CLEAR"))) -> CLEAR
A7: C006 | B7: Priya Sharma | C7: 1995-08-08 | D7: US | E7: =TRIM(LEFT(B7,FIND(" ",B7&" ")-1)) -> Priya | F7: =TRIM(MID(B7,FIND(" ",B7&" ")+1,255)) -> Sharma | G7: =SUMPRODUCT(--(UPPER(TRIM(Sanctions_PEP_List!$B$2:$B$26))=UPPER(TRIM(B7)))) -> 0 | H7: =SUMPRODUCT(--ISNUMBER(SEARCH(UPPER(TRIM(B7)),UPPER(Sanctions_PEP_List!$C$2:$C$26)))) -> 0 | I7: =SUMPRODUCT(ISNUMBER(SEARCH(UPPER(E7),UPPER(Sanctions_PEP_List!$B$2:$B$26)))*IF(F7<>"",ISNUMBER(SEARCH(UPPER(F7),UPPER(Sanctions_PEP_List!$B$2:$B$26))),1)) -> 0 | J7: =SUMPRODUCT((UPPER(TRIM(Sanctions_PEP_List!$B$2:$B$26))=UPPER(TRIM(B7)))*(((Sanctions_PEP_List!$F$2:$F$26<>"")*(C7<>"")*(Sanctions_PEP_List!$F$2:$F$26=C7))+(Sanctions_PEP_List!$E$2:$E$26=D7))) -> 0 | K7: {=_xlfn.TEXTJOIN(", ",TRUE(),IF((UPPER(TRIM(Sanctions_PEP_List!$B$2:$B$26))=UPPER(TRIM(B7)))+(ISNUMBER(SEARCH(UPPER(TRIM(B7)),UPPER(Sanctions_PEP_List!$C$2:$C$26))))>0,Sanctions_PEP_List!$B$2:$B$26,""))} | L7: {=_xlfn.TEXTJOIN(", ",TRUE(),IF((UPPER(TRIM(Sanctions_PEP_List!$B$2:$B$26))=UPPER(TRIM(B7)))+(ISNUMBER(SEARCH(UPPER(TRIM(B7)),UPPER(Sanctions_PEP_List!$C$2:$C$26))))>0,Sanctions_PEP_List!$G$2:$G$26,""))} | M7: {=_xlfn.TEXTJOIN(", ",TRUE(),IF(ISNUMBER(SEARCH(UPPER(E7),UPPER(Sanctions_PEP_List!$B$2:$B$26)))*IF(F7<>"",ISNUMBER(SEARCH(UPPER(F7),UPPER(Sanctions_PEP_List!$B$2:$B$26))),1)>0,Sanctions_PEP_List!$B$2:$B$26,""))} | N7: =IF(G7>0,"CONFIRMED NAME MATCH - escalate for identity verification",IF(H7>0,"ALIAS MATCH - escalate for identity verification",IF(I7>=1,"POSSIBLE MATCH (partial name) - manual review","CLEAR"))) -> CLEAR
A8: C007 | B8: Thomas Nguyen | C8: 1983-12-20 | D8: US | E8: =TRIM(LEFT(B8,FIND(" ",B8&" ")-1)) -> Thomas | F8: =TRIM(MID(B8,FIND(" ",B8&" ")+1,255)) -> Nguyen | G8: =SUMPRODUCT(--(UPPER(TRIM(Sanctions_PEP_List!$B$2:$B$26))=UPPER(TRIM(B8)))) -> 0 | H8: =SUMPRODUCT(--ISNUMBER(SEARCH(UPPER(TRIM(B8)),UPPER(Sanctions_PEP_List!$C$2:$C$26)))) -> 0 | I8: =SUMPRODUCT(ISNUMBER(SEARCH(UPPER(E8),UPPER(Sanctions_PEP_List!$B$2:$B$26)))*IF(F8<>"",ISNUMBER(SEARCH(UPPER(F8),UPPER(Sanctions_PEP_List!$B$2:$B$26))),1)) -> 0 | J8: =SUMPRODUCT((UPPER(TRIM(Sanctions_PEP_List!$B$2:$B$26))=UPPER(TRIM(B8)))*(((Sanctions_PEP_List!$F$2:$F$26<>"")*(C8<>"")*(Sanctions_PEP_List!$F$2:$F$26=C8))+(Sanctions_PEP_List!$E$2:$E$26=D8))) -> 0 | K8: {=_xlfn.TEXTJOIN(", ",TRUE(),IF((UPPER(TRIM(Sanctions_PEP_List!$B$2:$B$26))=UPPER(TRIM(B8)))+(ISNUMBER(SEARCH(UPPER(TRIM(B8)),UPPER(Sanctions_PEP_List!$C$2:$C$26))))>0,Sanctions_PEP_List!$B$2:$B$26,""))} | L8: {=_xlfn.TEXTJOIN(", ",TRUE(),IF((UPPER(TRIM(Sanctions_PEP_List!$B$2:$B$26))=UPPER(TRIM(B8)))+(ISNUMBER(SEARCH(UPPER(TRIM(B8)),UPPER(Sanctions_PEP_List!$C$2:$C$26))))>0,Sanctions_PEP_List!$G$2:$G$26,""))} | M8: {=_xlfn.TEXTJOIN(", ",TRUE(),IF(ISNUMBER(SEARCH(UPPER(E8),UPPER(Sanctions_PEP_List!$B$2:$B$26)))*IF(F8<>"",ISNUMBER(SEARCH(UPPER(F8),UPPER(Sanctions_PEP_List!$B$2:$B$26))),1)>0,Sanctions_PEP_List!$B$2:$B$26,""))} | N8: =IF(G8>0,"CONFIRMED NAME MATCH - escalate for identity verification",IF(H8>0,"ALIAS MATCH - escalate for identity verification",IF(I8>=1,"POSSIBLE MATCH (partial name) - manual review","CLEAR"))) -> CLEAR
A9: C008 | B9: Emily Carter | C9: 1991-06-17 | D9: US | E9: =TRIM(LEFT(B9,FIND(" ",B9&" ")-1)) -> Emily | F9: =TRIM(MID(B9,FIND(" ",B9&" ")+1,255)) -> Carter | G9: =SUMPRODUCT(--(UPPER(TRIM(Sanctions_PEP_List!$B$2:$B$26))=UPPER(TRIM(B9)))) -> 0 | H9: =SUMPRODUCT(--ISNUMBER(SEARCH(UPPER(TRIM(B9)),UPPER(Sanctions_PEP_List!$C$2:$C$26)))) -> 0 | I9: =SUMPRODUCT(ISNUMBER(SEARCH(UPPER(E9),UPPER(Sanctions_PEP_List!$B$2:$B$26)))*IF(F9<>"",ISNUMBER(SEARCH(UPPER(F9),UPPER(Sanctions_PEP_List!$B$2:$B$26))),1)) -> 0 | J9: =SUMPRODUCT((UPPER(TRIM(Sanctions_PEP_List!$B$2:$B$26))=UPPER(TRIM(B9)))*(((Sanctions_PEP_List!$F$2:$F$26<>"")*(C9<>"")*(Sanctions_PEP_List!$F$2:$F$26=C9))+(Sanctions_PEP_List!$E$2:$E$26=D9))) -> 0 | K9: {=_xlfn.TEXTJOIN(", ",TRUE(),IF((UPPER(TRIM(Sanctions_PEP_List!$B$2:$B$26))=UPPER(TRIM(B9)))+(ISNUMBER(SEARCH(UPPER(TRIM(B9)),UPPER(Sanctions_PEP_List!$C$2:$C$26))))>0,Sanctions_PEP_List!$B$2:$B$26,""))} | L9: {=_xlfn.TEXTJOIN(", ",TRUE(),IF((UPPER(TRIM(Sanctions_PEP_List!$B$2:$B$26))=UPPER(TRIM(B9)))+(ISNUMBER(SEARCH(UPPER(TRIM(B9)),UPPER(Sanctions_PEP_List!$C$2:$C$26))))>0,Sanctions_PEP_List!$G$2:$G$26,""))} | M9: {=_xlfn.TEXTJOIN(", ",TRUE(),IF(ISNUMBER(SEARCH(UPPER(E9),UPPER(Sanctions_PEP_List!$B$2:$B$26)))*IF(F9<>"",ISNUMBER(SEARCH(UPPER(F9),UPPER(Sanctions_PEP_List!$B$2:$B$26))),1)>0,Sanctions_PEP_List!$B$2:$B$26,""))} | N9: =IF(G9>0,"CONFIRMED NAME MATCH - escalate for identity verification",IF(H9>0,"ALIAS MATCH - escalate for identity verification",IF(I9>=1,"POSSIBLE MATCH (partial name) - manual review","CLEAR"))) -> CLEAR
A10: C009 | B10: Luca Romano | C10: 1987-02-09 | D10: US | E10: =TRIM(LEFT(B10,FIND(" ",B10&" ")-1)) -> Luca | F10: =TRIM(MID(B10,FIND(" ",B10&" ")+1,255)) -> Romano | G10: =SUMPRODUCT(--(UPPER(TRIM(Sanctions_PEP_List!$B$2:$B$26))=UPPER(TRIM(B10)))) -> 0 | H10: =SUMPRODUCT(--ISNUMBER(SEARCH(UPPER(TRIM(B10)),UPPER(Sanctions_PEP_List!$C$2:$C$26)))) -> 0 | I10: =SUMPRODUCT(ISNUMBER(SEARCH(UPPER(E10),UPPER(Sanctions_PEP_List!$B$2:$B$26)))*IF(F10<>"",ISNUMBER(SEARCH(UPPER(F10),UPPER(Sanctions_PEP_List!$B$2:$B$26))),1)) -> 0 | J10: =SUMPRODUCT((UPPER(TRIM(Sanctions_PEP_List!$B$2:$B$26))=UPPER(TRIM(B10)))*(((Sanctions_PEP_List!$F$2:$F$26<>"")*(C10<>"")*(Sanctions_PEP_List!$F$2:$F$26=C10))+(Sanctions_PEP_List!$E$2:$E$26=D10))) -> 0 | K10: {=_xlfn.TEXTJOIN(", ",TRUE(),IF((UPPER(TRIM(Sanctions_PEP_List!$B$2:$B$26))=UPPER(TRIM(B10)))+(ISNUMBER(SEARCH(UPPER(TRIM(B10)),UPPER(Sanctions_PEP_List!$C$2:$C$26))))>0,Sanctions_PEP_List!$B$2:$B$26,""))} | L10: {=_xlfn.TEXTJOIN(", ",TRUE(),IF((UPPER(TRIM(Sanctions_PEP_List!$B$2:$B$26))=UPPER(TRIM(B10)))+(ISNUMBER(SEARCH(UPPER(TRIM(B10)),UPPER(Sanctions_PEP_List!$C$2:$C$26))))>0,Sanctions_PEP_List!$G$2:$G$26,""))} | M10: {=_xlfn.TEXTJOIN(", ",TRUE(),IF(ISNUMBER(SEARCH(UPPER(E10),UPPER(Sanctions_PEP_List!$B$2:$B$26)))*IF(F10<>"",ISNUMBER(SEARCH(UPPER(F10),UPPER(Sanctions_PEP_List!$B$2:$B$26))),1)>0,Sanctions_PEP_List!$B$2:$B$26,""))} | N10: =IF(G10>0,"CONFIRMED NAME MATCH - escalate for identity verification",IF(H10>0,"ALIAS MATCH - escalate for identity verification",IF(I10>=1,"POSSIBLE MATCH (partial name) - manual review","CLEAR"))) -> CLEAR
A11: C010 | B11: Hannah Kim | C11: 1993-10-05 | D11: US | E11: =TRIM(LEFT(B11,FIND(" ",B11&" ")-1)) -> Hannah | F11: =TRIM(MID(B11,FIND(" ",B11&" ")+1,255)) -> Kim | G11: =SUMPRODUCT(--(UPPER(TRIM(Sanctions_PEP_List!$B$2:$B$26))=UPPER(TRIM(B11)))) -> 0 | H11: =SUMPRODUCT(--ISNUMBER(SEARCH(UPPER(TRIM(B11)),UPPER(Sanctions_PEP_List!$C$2:$C$26)))) -> 0 | I11: =SUMPRODUCT(ISNUMBER(SEARCH(UPPER(E11),UPPER(Sanctions_PEP_List!$B$2:$B$26)))*IF(F11<>"",ISNUMBER(SEARCH(UPPER(F11),UPPER(Sanctions_PEP_List!$B$2:$B$26))),1)) -> 0 | J11: =SUMPRODUCT((UPPER(TRIM(Sanctions_PEP_List!$B$2:$B$26))=UPPER(TRIM(B11)))*(((Sanctions_PEP_List!$F$2:$F$26<>"")*(C11<>"")*(Sanctions_PEP_List!$F$2:$F$26=C11))+(Sanctions_PEP_List!$E$2:$E$26=D11))) -> 0 | K11: {=_xlfn.TEXTJOIN(", ",TRUE(),IF((UPPER(TRIM(Sanctions_PEP_List!$B$2:$B$26))=UPPER(TRIM(B11)))+(ISNUMBER(SEARCH(UPPER(TRIM(B11)),UPPER(Sanctions_PEP_List!$C$2:$C$26))))>0,Sanctions_PEP_List!$B$2:$B$26,""))} | L11: {=_xlfn.TEXTJOIN(", ",TRUE(),IF((UPPER(TRIM(Sanctions_PEP_List!$B$2:$B$26))=UPPER(TRIM(B11)))+(ISNUMBER(SEARCH(UPPER(TRIM(B11)),UPPER(Sanctions_PEP_List!$C$2:$C$26))))>0,Sanctions_PEP_List!$G$2:$G$26,""))} | M11: {=_xlfn.TEXTJOIN(", ",TRUE(),IF(ISNUMBER(SEARCH(UPPER(E11),UPPER(Sanctions_PEP_List!$B$2:$B$26)))*IF(F11<>"",ISNUMBER(SEARCH(UPPER(F11),UPPER(Sanctions_PEP_List!$B$2:$B$26))),1)>0,Sanctions_PEP_List!$B$2:$B$26,""))} | N11: =IF(G11>0,"CONFIRMED NAME MATCH - escalate for identity verification",IF(H11>0,"ALIAS MATCH - escalate for identity verification",IF(I11>=1,"POSSIBLE MATCH (partial name) - manual review","CLEAR"))) -> CLEAR
A12: C011 | B12: Michael Brooks | C12: 1980-05-27 | D12: US | E12: =TRIM(LEFT(B12,FIND(" ",B12&" ")-1)) -> Michael | F12: =TRIM(MID(B12,FIND(" ",B12&" ")+1,255)) -> Brooks | G12: =SUMPRODUCT(--(UPPER(TRIM(Sanctions_PEP_List!$B$2:$B$26))=UPPER(TRIM(B12)))) -> 0 | H12: =SUMPRODUCT(--ISNUMBER(SEARCH(UPPER(TRIM(B12)),UPPER(Sanctions_PEP_List!$C$2:$C$26)))) -> 0 | I12: =SUMPRODUCT(ISNUMBER(SEARCH(UPPER(E12),UPPER(Sanctions_PEP_List!$B$2:$B$26)))*IF(F12<>"",ISNUMBER(SEARCH(UPPER(F12),UPPER(Sanctions_PEP_List!$B$2:$B$26))),1)) -> 0 | J12: =SUMPRODUCT((UPPER(TRIM(Sanctions_PEP_List!$B$2:$B$26))=UPPER(TRIM(B12)))*(((Sanctions_PEP_List!$F$2:$F$26<>"")*(C12<>"")*(Sanctions_PEP_List!$F$2:$F$26=C12))+(Sanctions_PEP_List!$E$2:$E$26=D12))) -> 0 | K12: {=_xlfn.TEXTJOIN(", ",TRUE(),IF((UPPER(TRIM(Sanctions_PEP_List!$B$2:$B$26))=UPPER(TRIM(B12)))+(ISNUMBER(SEARCH(UPPER(TRIM(B12)),UPPER(Sanctions_PEP_List!$C$2:$C$26))))>0,Sanctions_PEP_List!$B$2:$B$26,""))} | L12: {=_xlfn.TEXTJOIN(", ",TRUE(),IF((UPPER(TRIM(Sanctions_PEP_List!$B$2:$B$26))=UPPER(TRIM(B12)))+(ISNUMBER(SEARCH(UPPER(TRIM(B12)),UPPER(Sanctions_PEP_List!$C$2:$C$26))))>0,Sanctions_PEP_List!$G$2:$G$26,""))} | M12: {=_xlfn.TEXTJOIN(", ",TRUE(),IF(ISNUMBER(SEARCH(UPPER(E12),UPPER(Sanctions_PEP_List!$B$2:$B$26)))*IF(F12<>"",ISNUMBER(SEARCH(UPPER(F12),UPPER(Sanctions_PEP_List!$B$2:$B$26))),1)>0,Sanctions_PEP_List!$B$2:$B$26,""))} | N12: =IF(G12>0,"CONFIRMED NAME MATCH - escalate for identity verification",IF(H12>0,"ALIAS MATCH - escalate for identity verification",IF(I12>=1,"POSSIBLE MATCH (partial name) - manual review","CLEAR"))) -> CLEAR
A13: C012 | B13: Fatima Noor | C13: 1996-09-30 | D13: US | E13: =TRIM(LEFT(B13,FIND(" ",B13&" ")-1)) -> Fatima | F13: =TRIM(MID(B13,FIND(" ",B13&" ")+1,255)) -> Noor | G13: =SUMPRODUCT(--(UPPER(TRIM(Sanctions_PEP_List!$B$2:$B$26))=UPPER(TRIM(B13)))) -> 0 | H13: =SUMPRODUCT(--ISNUMBER(SEARCH(UPPER(TRIM(B13)),UPPER(Sanctions_PEP_List!$C$2:$C$26)))) -> 0 | I13: =SUMPRODUCT(ISNUMBER(SEARCH(UPPER(E13),UPPER(Sanctions_PEP_List!$B$2:$B$26)))*IF(F13<>"",ISNUMBER(SEARCH(UPPER(F13),UPPER(Sanctions_PEP_List!$B$2:$B$26))),1)) -> 0 | J13: =SUMPRODUCT((UPPER(TRIM(Sanctions_PEP_List!$B$2:$B$26))=UPPER(TRIM(B13)))*(((Sanctions_PEP_List!$F$2:$F$26<>"")*(C13<>"")*(Sanctions_PEP_List!$F$2:$F$26=C13))+(Sanctions_PEP_List!$E$2:$E$26=D13))) -> 0 | K13: {=_xlfn.TEXTJOIN(", ",TRUE(),IF((UPPER(TRIM(Sanctions_PEP_List!$B$2:$B$26))=UPPER(TRIM(B13)))+(ISNUMBER(SEARCH(UPPER(TRIM(B13)),UPPER(Sanctions_PEP_List!$C$2:$C$26))))>0,Sanctions_PEP_List!$B$2:$B$26,""))} | L13: {=_xlfn.TEXTJOIN(", ",TRUE(),IF((UPPER(TRIM(Sanctions_PEP_List!$B$2:$B$26))=UPPER(TRIM(B13)))+(ISNUMBER(SEARCH(UPPER(TRIM(B13)),UPPER(Sanctions_PEP_List!$C$2:$C$26))))>0,Sanctions_PEP_List!$G$2:$G$26,""))} | M13: {=_xlfn.TEXTJOIN(", ",TRUE(),IF(ISNUMBER(SEARCH(UPPER(E13),UPPER(Sanctions_PEP_List!$B$2:$B$26)))*IF(F13<>"",ISNUMBER(SEARCH(UPPER(F13),UPPER(Sanctions_PEP_List!$B$2:$B$26))),1)>0,Sanctions_PEP_List!$B$2:$B$26,""))} | N13: =IF(G13>0,"CONFIRMED NAME MATCH - escalate for identity verification",IF(H13>0,"ALIAS MATCH - escalate for identity verification",IF(I13>=1,"POSSIBLE MATCH (partial name) - manual review","CLEAR"))) -> CLEAR
... A17: C016 | B17: Elena Petrova | C17: 1979-09-08 | D17: BY | E17: =TRIM(LEFT(B17,FIND(" ",B17&" ")-1)) -> Elena | F17: =TRIM(MID(B17,FIND(" ",B17&" ")+1,255)) -> Petrova | G17: =SUMPRODUCT(--(UPPER(TRIM(Sanctions_PEP_List!$B$2:$B$26))=UPPER(TRIM(B17)))) -> 0 | H17: =SUMPRODUCT(--ISNUMBER(SEARCH(UPPER(TRIM(B17)),UPPER(Sanctions_PEP_List!$C$2:$C$26)))) -> 1 | I17: =SUMPRODUCT(ISNUMBER(SEARCH(UPPER(E17),UPPER(Sanctions_PEP_List!$B$2:$B$26)))*IF(F17<>"",ISNUMBER(SEARCH(UPPER(F17),UPPER(Sanctions_PEP_List!$B$2:$B$26))),1)) -> 1 | J17: =SUMPRODUCT((UPPER(TRIM(Sanctions_PEP_List!$B$2:$B$26))=UPPER(TRIM(B17)))*(((Sanctions_PEP_List!$F$2:$F$26<>"")*(C17<>"")*(Sanctions_PEP_List!$F$2:$F$26=C17))+(Sanctions_PEP_List!$E$2:$E$26=D17))) -> 0 | K17: {=_xlfn.TEXTJOIN(", ",TRUE(),IF((UPPER(TRIM(Sanctions_PEP_List!$B$2:$B$26))=UPPER(TRIM(B17)))+(ISNUMBER(SEARCH(UPPER(TRIM(B17)),UPPER(Sanctions_PEP_List!$C$2:$C$26))))>0,Sanctions_PEP_List!$B$2:$B$26,""))} -> Yelena Petrova | L17: {=_xlfn.TEXTJOIN(", ",TRUE(),IF((UPPER(TRIM(Sanctions_PEP_List!$B$2:$B$26))=UPPER(TRIM(B17)))+(ISNUMBER(SEARCH(UPPER(TRIM(B17)),UPPER(Sanctions_PEP_List!$C$2:$C$26))))>0,Sanctions_PEP_List!$G$2:$G$26,""))} -> EU Sanctions List | M17: {=_xlfn.TEXTJOIN(", ",TRUE(),IF(ISNUMBER(SEARCH(UPPER(E17),UPPER(Sanctions_PEP_List!$B$2:$B$26)))*IF(F17<>"",ISNUMBER(SEARCH(UPPER(F17),UPPER(Sanctions_PEP_List!$B$2:$B$26))),1)>0,Sanctions_PEP_List!$B$2:$B$26,""))} -> Yelena Petrova | N17: =IF(G17>0,"CONFIRMED NAME MATCH - escalate for identity verification",IF(H17>0,"ALIAS MATCH - escalate for identity verification",IF(I17>=1,"POSSIBLE MATCH (partial name) - manual review","CLEAR"))) -> ALIAS MATCH - escalate for identity verification
A18: C017 | B18: Consolidated Metal Company | D18: RU | E18: =TRIM(LEFT(B18,FIND(" ",B18&" ")-1)) -> Consolidated | F18: =TRIM(MID(B18,FIND(" ",B18&" ")+1,255)) -> Metal Company | G18: =SUMPRODUCT(--(UPPER(TRIM(Sanctions_PEP_List!$B$2:$B$26))=UPPER(TRIM(B18)))) -> 0 | H18: =SUMPRODUCT(--ISNUMBER(SEARCH(UPPER(TRIM(B18)),UPPER(Sanctions_PEP_List!$C$2:$C$26)))) -> 1 | I18: =SUMPRODUCT(ISNUMBER(SEARCH(UPPER(E18),UPPER(Sanctions_PEP_List!$B$2:$B$26)))*IF(F18<>"",ISNUMBER(SEARCH(UPPER(F18),UPPER(Sanctions_PEP_List!$B$2:$B$26))),1)) -> 0 | J18: =SUMPRODUCT((UPPER(TRIM(Sanctions_PEP_List!$B$2:$B$26))=UPPER(TRIM(B18)))*(((Sanctions_PEP_List!$F$2:$F$26<>"")*(C18<>"")*(Sanctions_PEP_List!$F$2:$F$26=C18))+(Sanctions_PEP_List!$E$2:$E$26=D18))) -> 0 | K18: {=_xlfn.TEXTJOIN(", ",TRUE(),IF((UPPER(TRIM(Sanctions_PEP_List!$B$2:$B$26))=UPPER(TRIM(B18)))+(ISNUMBER(SEARCH(UPPER(TRIM(B18)),UPPER(Sanctions_PEP_List!$C$2:$C$26))))>0,Sanctions_PEP_List!$B$2:$B$26,""))} -> Consolidated Metals JSC | L18: {=_xlfn.TEXTJOIN(", ",TRUE(),IF((UPPER(TRIM(Sanctions_PEP_List!$B$2:$B$26))=UPPER(TRIM(B18)))+(ISNUMBER(SEARCH(UPPER(TRIM(B18)),UPPER(Sanctions_PEP_List!$C$2:$C$26))))>0,Sanctions_PEP_List!$G$2:$G$26,""))} -> OFAC SDN | M18: {=_xlfn.TEXTJOIN(", ",TRUE(),IF(ISNUMBER(SEARCH(UPPER(E18),UPPER(Sanctions_PEP_List!$B$2:$B$26)))*IF(F18<>"",ISNUMBER(SEARCH(UPPER(F18),UPPER(Sanctions_PEP_List!$B$2:$B$26))),1)>0,Sanctions_PEP_List!$B$2:$B$26,""))} | N18: =IF(G18>0,"CONFIRMED NAME MATCH - escalate for identity verification",IF(H18>0,"ALIAS MATCH - escalate for identity verification",IF(I18>=1,"POSSIBLE MATCH (partial name) - manual review","CLEAR"))) -> ALIAS MATCH - escalate for identity verification
A19: C018 | B19: Hassan Al Rashid | C19: 1971-01-19 | D19: IQ | E19: =TRIM(LEFT(B19,FIND(" ",B19&" ")-1)) -> Hassan | F19: =TRIM(MID(B19,FIND(" ",B19&" ")+1,255)) -> Al Rashid | G19: =SUMPRODUCT(--(UPPER(TRIM(Sanctions_PEP_List!$B$2:$B$26))=UPPER(TRIM(B19)))) -> 0 | H19: =SUMPRODUCT(--ISNUMBER(SEARCH(UPPER(TRIM(B19)),UPPER(Sanctions_PEP_List!$C$2:$C$26)))) -> 1 | I19: =SUMPRODUCT(ISNUMBER(SEARCH(UPPER(E19),UPPER(Sanctions_PEP_List!$B$2:$B$26)))*IF(F19<>"",ISNUMBER(SEARCH(UPPER(F19),UPPER(Sanctions_PEP_List!$B$2:$B$26))),1)) -> 0 | J19: =SUMPRODUCT((UPPER(TRIM(Sanctions_PEP_List!$B$2:$B$26))=UPPER(TRIM(B19)))*(((Sanctions_PEP_List!$F$2:$F$26<>"")*(C19<>"")*(Sanctions_PEP_List!$F$2:$F$26=C19))+(Sanctions_PEP_List!$E$2:$E$26=D19))) -> 0 | K19: {=_xlfn.TEXTJOIN(", ",TRUE(),IF((UPPER(TRIM(Sanctions_PEP_List!$B$2:$B$26))=UPPER(TRIM(B19)))+(ISNUMBER(SEARCH(UPPER(TRIM(B19)),UPPER(Sanctions_PEP_List!$C$2:$C$26))))>0,Sanctions_PEP_List!$B$2:$B$26,""))} -> Hassan Al-Rashid | L19: {=_xlfn.TEXTJOIN(", ",TRUE(),IF((UPPER(TRIM(Sanctions_PEP_List!$B$2:$B$26))=UPPER(TRIM(B19)))+(ISNUMBER(SEARCH(UPPER(TRIM(B19)),UPPER(Sanctions_PEP_List!$C$2:$C$26))))>0,Sanctions_PEP_List!$G$2:$G$26,""))} -> UK OFSI | M19: {=_xlfn.TEXTJOIN(", ",TRUE(),IF(ISNUMBER(SEARCH(UPPER(E19),UPPER(Sanctions_PEP_List!$B$2:$B$26)))*IF(F19<>"",ISNUMBER(SEARCH(UPPER(F19),UPPER(Sanctions_PEP_List!$B$2:$B$26))),1)>0,Sanctions_PEP_List!$B$2:$B$26,""))} | N19: =IF(G19>0,"CONFIRMED NAME MATCH - escalate for identity verification",IF(H19>0,"ALIAS MATCH - escalate for identity verification",IF(I19>=1,"POSSIBLE MATCH (partial name) - manual review","CLEAR"))) -> ALIAS MATCH - escalate for identity verification
A20: C019 | B20: Boris Kuznetzov | C20: 1969-07-25 | D20: RU | E20: =TRIM(LEFT(B20,FIND(" ",B20&" ")-1)) -> Boris | F20: =TRIM(MID(B20,FIND(" ",B20&" ")+1,255)) -> Kuznetzov | G20: =SUMPRODUCT(--(UPPER(TRIM(Sanctions_PEP_List!$B$2:$B$26))=UPPER(TRIM(B20)))) -> 0 | H20: =SUMPRODUCT(--ISNUMBER(SEARCH(UPPER(TRIM(B20)),UPPER(Sanctions_PEP_List!$C$2:$C$26)))) -> 1 | I20: =SUMPRODUCT(ISNUMBER(SEARCH(UPPER(E20),UPPER(Sanctions_PEP_List!$B$2:$B$26)))*IF(F20<>"",ISNUMBER(SEARCH(UPPER(F20),UPPER(Sanctions_PEP_List!$B$2:$B$26))),1)) -> 0 | J20: =SUMPRODUCT((UPPER(TRIM(Sanctions_PEP_List!$B$2:$B$26))=UPPER(TRIM(B20)))*(((Sanctions_PEP_List!$F$2:$F$26<>"")*(C20<>"")*(Sanctions_PEP_List!$F$2:$F$26=C20))+(Sanctions_PEP_List!$E$2:$E$26=D20))) -> 0 | K20: {=_xlfn.TEXTJOIN(", ",TRUE(),IF((UPPER(TRIM(Sanctions_PEP_List!$B$2:$B$26))=UPPER(TRIM(B20)))+(ISNUMBER(SEARCH(UPPER(TRIM(B20)),UPPER(Sanctions_PEP_List!$C$2:$C$26))))>0,Sanctions_PEP_List!$B$2:$B$26,""))} -> Boris Kuznetsov | L20: {=_xlfn.TEXTJOIN(", ",TRUE(),IF((UPPER(TRIM(Sanctions_PEP_List!$B$2:$B$26))=UPPER(TRIM(B20)))+(ISNUMBER(SEARCH(UPPER(TRIM(B20)),UPPER(Sanctions_PEP_List!$C$2:$C$26))))>0,Sanctions_PEP_List!$G$2:$G$26,""))} -> EU Sanctions List | M20: {=_xlfn.TEXTJOIN(", ",TRUE(),IF(ISNUMBER(SEARCH(UPPER(E20),UPPER(Sanctions_PEP_List!$B$2:$B$26)))*IF(F20<>"",ISNUMBER(SEARCH(UPPER(F20),UPPER(Sanctions_PEP_List!$B$2:$B$26))),1)>0,Sanctions_PEP_List!$B$2:$B$26,""))} | N20: =IF(G20>0,"CONFIRMED NAME MATCH - escalate for identity verification",IF(H20>0,"ALIAS MATCH - escalate for identity verification",IF(I20>=1,"POSSIBLE MATCH (partial name) - manual review","CLEAR"))) -> ALIAS MATCH - escalate for identity verification
A21: C020 | B21: Khalid Mansour | C21: 1977-10-11 | D21: SD | E21: =TRIM(LEFT(B21,FIND(" ",B21&" ")-1)) -> Khalid | F21: =TRIM(MID(B21,FIND(" ",B21&" ")+1,255)) -> Mansour | G21: =SUMPRODUCT(--(UPPER(TRIM(Sanctions_PEP_List!$B$2:$B$26))=UPPER(TRIM(B21)))) -> 0 | H21: =SUMPRODUCT(--ISNUMBER(SEARCH(UPPER(TRIM(B21)),UPPER(Sanctions_PEP_List!$C$2:$C$26)))) -> 1 | I21: =SUMPRODUCT(ISNUMBER(SEARCH(UPPER(E21),UPPER(Sanctions_PEP_List!$B$2:$B$26)))*IF(F21<>"",ISNUMBER(SEARCH(UPPER(F21),UPPER(Sanctions_PEP_List!$B$2:$B$26))),1)) -> 1 | J21: =SUMPRODUCT((UPPER(TRIM(Sanctions_PEP_List!$B$2:$B$26))=UPPER(TRIM(B21)))*(((Sanctions_PEP_List!$F$2:$F$26<>"")*(C21<>"")*(Sanctions_PEP_List!$F$2:$F$26=C21))+(Sanctions_PEP_List!$E$2:$E$26=D21))) -> 0 | K21: {=_xlfn.TEXTJOIN(", ",TRUE(),IF((UPPER(TRIM(Sanctions_PEP_List!$B$2:$B$26))=UPPER(TRIM(B21)))+(ISNUMBER(SEARCH(UPPER(TRIM(B21)),UPPER(Sanctions_PEP_List!$C$2:$C$26))))>0,Sanctions_PEP_List!$B$2:$B$26,""))} -> Khalid Ibrahim Mansour | L21: {=_xlfn.TEXTJOIN(", ",TRUE(),IF((UPPER(TRIM(Sanctions_PEP_List!$B$2:$B$26))=UPPER(TRIM(B21)))+(ISNUMBER(SEARCH(UPPER(TRIM(B21)),UPPER(Sanctions_PEP_List!$C$2:$C$26))))>0,Sanctions_PEP_List!$G$2:$G$26,""))} -> UN Consolidated List | M21: {=_xlfn.TEXTJOIN(", ",TRUE(),IF(ISNUMBER(SEARCH(UPPER(E21),UPPER(Sanctions_PEP_List!$B$2:$B$26)))*IF(F21<>"",ISNUMBER(SEARCH(UPPER(F21),UPPER(Sanctions_PEP_List!$B$2:$B$26))),1)>0,Sanctions_PEP_List!$B$2:$B$26,""))} -> Khalid Ibrahim Mansour | N21: =IF(G21>0,"CONFIRMED NAME MATCH - escalate for identity verification",IF(H21>0,"ALIAS MATCH - escalate for identity verification",IF(I21>=1,"POSSIBLE MATCH (partial name) - manual review","CLEAR"))) -> ALIAS MATCH - escalate for identity verification
A22: C021 | B22: Carlos Mendez | C22: 1964-08-05 | D22: MX | E22: =TRIM(LEFT(B22,FIND(" ",B22&" ")-1)) -> Carlos | F22: =TRIM(MID(B22,FIND(" ",B22&" ")+1,255)) -> Mendez | G22: =SUMPRODUCT(--(UPPER(TRIM(Sanctions_PEP_List!$B$2:$B$26))=UPPER(TRIM(B22)))) -> 0 | H22: =SUMPRODUCT(--ISNUMBER(SEARCH(UPPER(TRIM(B22)),UPPER(Sanctions_PEP_List!$C$2:$C$26)))) -> 1 | I22: =SUMPRODUCT(ISNUMBER(SEARCH(UPPER(E22),UPPER(Sanctions_PEP_List!$B$2:$B$26)))*IF(F22<>"",ISNUMBER(SEARCH(UPPER(F22),UPPER(Sanctions_PEP_List!$B$2:$B$26))),1)) -> 1 | J22: =SUMPRODUCT((UPPER(TRIM(Sanctions_PEP_List!$B$2:$B$26))=UPPER(TRIM(B22)))*(((Sanctions_PEP_List!$F$2:$F$26<>"")*(C22<>"")*(Sanctions_PEP_List!$F$2:$F$26=C22))+(Sanctions_PEP_List!$E$2:$E$26=D22))) -> 0 | K22: {=_xlfn.TEXTJOIN(", ",TRUE(),IF((UPPER(TRIM(Sanctions_PEP_List!$B$2:$B$26))=UPPER(TRIM(B22)))+(ISNUMBER(SEARCH(UPPER(TRIM(B22)),UPPER(Sanctions_PEP_List!$C$2:$C$26))))>0,Sanctions_PEP_List!$B$2:$B$26,""))} -> Carlos Mendez Vidal | L22: {=_xlfn.TEXTJOIN(", ",TRUE(),IF((UPPER(TRIM(Sanctions_PEP_List!$B$2:$B$26))=UPPER(TRIM(B22)))+(ISNUMBER(SEARCH(UPPER(TRIM(B22)),UPPER(Sanctions_PEP_List!$C$2:$C$26))))>0,Sanctions_PEP_List!$G$2:$G$26,""))} -> PEP - Foreign Official | M22: {=_xlfn.TEXTJOIN(", ",TRUE(),IF(ISNUMBER(SEARCH(UPPER(E22),UPPER(Sanctions_PEP_List!$B$2:$B$26)))*IF(F22<>"",ISNUMBER(SEARCH(UPPER(F22),UPPER(Sanctions_PEP_List!$B$2:$B$26))),1)>0,Sanctions_PEP_List!$B$2:$B$26,""))} -> Carlos Mendez Vidal | N22: =IF(G22>0,"CONFIRMED NAME MATCH - escalate for identity verification",IF(H22>0,"ALIAS MATCH - escalate for identity verification",IF(I22>=1,"POSSIBLE MATCH (partial name) - manual review","CLEAR"))) -> ALIAS MATCH - escalate for identity verification
A23: C022 | B23: Aisha Bello | C23: 1970-12-01 | D23: NG | E23: =TRIM(LEFT(B23,FIND(" ",B23&" ")-1)) -> Aisha | F23: =TRIM(MID(B23,FIND(" ",B23&" ")+1,255)) -> Bello | G23: =SUMPRODUCT(--(UPPER(TRIM(Sanctions_PEP_List!$B$2:$B$26))=UPPER(TRIM(B23)))) -> 0 | H23: =SUMPRODUCT(--ISNUMBER(SEARCH(UPPER(TRIM(B23)),UPPER(Sanctions_PEP_List!$C$2:$C$26)))) -> 1 | I23: =SUMPRODUCT(ISNUMBER(SEARCH(UPPER(E23),UPPER(Sanctions_PEP_List!$B$2:$B$26)))*IF(F23<>"",ISNUMBER(SEARCH(UPPER(F23),UPPER(Sanctions_PEP_List!$B$2:$B$26))),1)) -> 1 | J23: =SUMPRODUCT((UPPER(TRIM(Sanctions_PEP_List!$B$2:$B$26))=UPPER(TRIM(B23)))*(((Sanctions_PEP_List!$F$2:$F$26<>"")*(C23<>"")*(Sanctions_PEP_List!$F$2:$F$26=C23))+(Sanctions_PEP_List!$E$2:$E$26=D23))) -> 0 | K23: {=_xlfn.TEXTJOIN(", ",TRUE(),IF((UPPER(TRIM(Sanctions_PEP_List!$B$2:$B$26))=UPPER(TRIM(B23)))+(ISNUMBER(SEARCH(UPPER(TRIM(B23)),UPPER(Sanctions_PEP_List!$C$2:$C$26))))>0,Sanctions_PEP_List!$B$2:$B$26,""))} -> Aisha Bello Suleiman | L23: {=_xlfn.TEXTJOIN(", ",TRUE(),IF((UPPER(TRIM(Sanctions_PEP_List!$B$2:$B$26))=UPPER(TRIM(B23)))+(ISNUMBER(SEARCH(UPPER(TRIM(B23)),UPPER(Sanctions_PEP_List!$C$2:$C$26))))>0,Sanctions_PEP_List!$G$2:$G$26,""))} -> PEP - Foreign Official | M23: {=_xlfn.TEXTJOIN(", ",TRUE(),IF(ISNUMBER(SEARCH(UPPER(E23),UPPER(Sanctions_PEP_List!$B$2:$B$26)))*IF(F23<>"",ISNUMBER(SEARCH(UPPER(F23),UPPER(Sanctions_PEP_List!$B$2:$B$26))),1)>0,Sanctions_PEP_List!$B$2:$B$26,""))} -> Aisha Bello Suleiman | N23: =IF(G23>0,"CONFIRMED NAME MATCH - escalate for identity verification",IF(H23>0,"ALIAS MATCH - escalate for identity verification",IF(I23>=1,"POSSIBLE MATCH (partial name) - manual review","CLEAR"))) -> ALIAS MATCH - escalate for identity verification
A24: C023 | B24: Kwame Owusu | C24: 1963-09-14 | D24: GH | E24: =TRIM(LEFT(B24,FIND(" ",B24&" ")-1)) -> Kwame | F24: =TRIM(MID(B24,FIND(" ",B24&" ")+1,255)) -> Owusu | G24: =SUMPRODUCT(--(UPPER(TRIM(Sanctions_PEP_List!$B$2:$B$26))=UPPER(TRIM(B24)))) -> 0 | H24: =SUMPRODUCT(--ISNUMBER(SEARCH(UPPER(TRIM(B24)),UPPER(Sanctions_PEP_List!$C$2:$C$26)))) -> 1 | I24: =SUMPRODUCT(ISNUMBER(SEARCH(UPPER(E24),UPPER(Sanctions_PEP_List!$B$2:$B$26)))*IF(F24<>"",ISNUMBER(SEARCH(UPPER(F24),UPPER(Sanctions_PEP_List!$B$2:$B$26))),1)) -> 1 | J24: =SUMPRODUCT((UPPER(TRIM(Sanctions_PEP_List!$B$2:$B$26))=UPPER(TRIM(B24)))*(((Sanctions_PEP_List!$F$2:$F$26<>"")*(C24<>"")*(Sanctions_PEP_List!$F$2:$F$26=C24))+(Sanctions_PEP_List!$E$2:$E$26=D24))) -> 0 | K24: {=_xlfn.TEXTJOIN(", ",TRUE(),IF((UPPER(TRIM(Sanctions_PEP_List!$B$2:$B$26))=UPPER(TRIM(B24)))+(ISNUMBER(SEARCH(UPPER(TRIM(B24)),UPPER(Sanctions_PEP_List!$C$2:$C$26))))>0,Sanctions_PEP_List!$B$2:$B$26,""))} -> Kwame Owusu Ansah | L24: {=_xlfn.TEXTJOIN(", ",TRUE(),IF((UPPER(TRIM(Sanctions_PEP_List!$B$2:$B$26))=UPPER(TRIM(B24)))+(ISNUMBER(SEARCH(UPPER(TRIM(B24)),UPPER(Sanctions_PEP_List!$C$2:$C$26))))>0,Sanctions_PEP_List!$G$2:$G$26,""))} -> PEP - Domestic | M24: {=_xlfn.TEXTJOIN(", ",TRUE(),IF(ISNUMBER(SEARCH(UPPER(E24),UPPER(Sanctions_PEP_List!$B$2:$B$26)))*IF(F24<>"",ISNUMBER(SEARCH(UPPER(F24),UPPER(Sanctions_PEP_List!$B$2:$B$26))),1)>0,Sanctions_PEP_List!$B$2:$B$26,""))} -> Kwame Owusu Ansah | N24: =IF(G24>0,"CONFIRMED NAME MATCH - escalate for identity verification",IF(H24>0,"ALIAS MATCH - escalate for identity verification",IF(I24>=1,"POSSIBLE MATCH (partial name) - manual review","CLEAR"))) -> ALIAS MATCH - escalate for identity verification
A25: C024 | B25: Rebecca Adams | C25: 1994-03-02 | D25: US | E25: =TRIM(LEFT(B25,FIND(" ",B25&" ")-1)) -> Rebecca | F25: =TRIM(MID(B25,FIND(" ",B25&" ")+1,255)) -> Adams | G25: =SUMPRODUCT(--(UPPER(TRIM(Sanctions_PEP_List!$B$2:$B$26))=UPPER(TRIM(B25)))) -> 0 | H25: =SUMPRODUCT(--ISNUMBER(SEARCH(UPPER(TRIM(B25)),UPPER(Sanctions_PEP_List!$C$2:$C$26)))) -> 0 | I25: =SUMPRODUCT(ISNUMBER(SEARCH(UPPER(E25),UPPER(Sanctions_PEP_List!$B$2:$B$26)))*IF(F25<>"",ISNUMBER(SEARCH(UPPER(F25),UPPER(Sanctions_PEP_List!$B$2:$B$26))),1)) -> 0 | J25: =SUMPRODUCT((UPPER(TRIM(Sanctions_PEP_List!$B$2:$B$26))=UPPER(TRIM(B25)))*(((Sanctions_PEP_List!$F$2:$F$26<>"")*(C25<>"")*(Sanctions_PEP_List!$F$2:$F$26=C25))+(Sanctions_PEP_List!$E$2:$E$26=D25))) -> 0 | K25: {=_xlfn.TEXTJOIN(", ",TRUE(),IF((UPPER(TRIM(Sanctions_PEP_List!$B$2:$B$26))=UPPER(TRIM(B25)))+(ISNUMBER(SEARCH(UPPER(TRIM(B25)),UPPER(Sanctions_PEP_List!$C$2:$C$26))))>0,Sanctions_PEP_List!$B$2:$B$26,""))} | L25: {=_xlfn.TEXTJOIN(", ",TRUE(),IF((UPPER(TRIM(Sanctions_PEP_List!$B$2:$B$26))=UPPER(TRIM(B25)))+(ISNUMBER(SEARCH(UPPER(TRIM(B25)),UPPER(Sanctions_PEP_List!$C$2:$C$26))))>0,Sanctions_PEP_List!$G$2:$G$26,""))} | M25: {=_xlfn.TEXTJOIN(", ",TRUE(),IF(ISNUMBER(SEARCH(UPPER(E25),UPPER(Sanctions_PEP_List!$B$2:$B$26)))*IF(F25<>"",ISNUMBER(SEARCH(UPPER(F25),UPPER(Sanctions_PEP_List!$B$2:$B$26))),1)>0,Sanctions_PEP_List!$B$2:$B$26,""))} | N25: =IF(G25>0,"CONFIRMED NAME MATCH - escalate for identity verification",IF(H25>0,"ALIAS MATCH - escalate for identity verification",IF(I25>=1,"POSSIBLE MATCH (partial name) - manual review","CLEAR"))) -> CLEAR
A26: C025 | B26: Daniel Foster | C26: 1989-07-19 | D26: US | E26: =TRIM(LEFT(B26,FIND(" ",B26&" ")-1)) -> Daniel | F26: =TRIM(MID(B26,FIND(" ",B26&" ")+1,255)) -> Foster | G26: =SUMPRODUCT(--(UPPER(TRIM(Sanctions_PEP_List!$B$2:$B$26))=UPPER(TRIM(B26)))) -> 0 | H26: =SUMPRODUCT(--ISNUMBER(SEARCH(UPPER(TRIM(B26)),UPPER(Sanctions_PEP_List!$C$2:$C$26)))) -> 0 | I26: =SUMPRODUCT(ISNUMBER(SEARCH(UPPER(E26),UPPER(Sanctions_PEP_List!$B$2:$B$26)))*IF(F26<>"",ISNUMBER(SEARCH(UPPER(F26),UPPER(Sanctions_PEP_List!$B$2:$B$26))),1)) -> 0 | J26: =SUMPRODUCT((UPPER(TRIM(Sanctions_PEP_List!$B$2:$B$26))=UPPER(TRIM(B26)))*(((Sanctions_PEP_List!$F$2:$F$26<>"")*(C26<>"")*(Sanctions_PEP_List!$F$2:$F$26=C26))+(Sanctions_PEP_List!$E$2:$E$26=D26))) -> 0 | K26: {=_xlfn.TEXTJOIN(", ",TRUE(),IF((UPPER(TRIM(Sanctions_PEP_List!$B$2:$B$26))=UPPER(TRIM(B26)))+(ISNUMBER(SEARCH(UPPER(TRIM(B26)),UPPER(Sanctions_PEP_List!$C$2:$C$26))))>0,Sanctions_PEP_List!$B$2:$B$26,""))} | L26: {=_xlfn.TEXTJOIN(", ",TRUE(),IF((UPPER(TRIM(Sanctions_PEP_List!$B$2:$B$26))=UPPER(TRIM(B26)))+(ISNUMBER(SEARCH(UPPER(TRIM(B26)),UPPER(Sanctions_PEP_List!$C$2:$C$26))))>0,Sanctions_PEP_List!$G$2:$G$26,""))} | M26: {=_xlfn.TEXTJOIN(", ",TRUE(),IF(ISNUMBER(SEARCH(UPPER(E26),UPPER(Sanctions_PEP_List!$B$2:$B$26)))*IF(F26<>"",ISNUMBER(SEARCH(UPPER(F26),UPPER(Sanctions_PEP_List!$B$2:$B$26))),1)>0,Sanctions_PEP_List!$B$2:$B$26,""))} | N26: =IF(G26>0,"CONFIRMED NAME MATCH - escalate for identity verification",IF(H26>0,"ALIAS MATCH - escalate for identity verification",IF(I26>=1,"POSSIBLE MATCH (partial name) - manual review","CLEAR"))) -> CLEAR
A27: C026 | B27: Olivia Martinez | C27: 1997-02-25 | D27: US | E27: =TRIM(LEFT(B27,FIND(" ",B27&" ")-1)) -> Olivia | F27: =TRIM(MID(B27,FIND(" ",B27&" ")+1,255)) -> Martinez | G27: =SUMPRODUCT(--(UPPER(TRIM(Sanctions_PEP_List!$B$2:$B$26))=UPPER(TRIM(B27)))) -> 0 | H27: =SUMPRODUCT(--ISNUMBER(SEARCH(UPPER(TRIM(B27)),UPPER(Sanctions_PEP_List!$C$2:$C$26)))) -> 0 | I27: =SUMPRODUCT(ISNUMBER(SEARCH(UPPER(E27),UPPER(Sanctions_PEP_List!$B$2:$B$26)))*IF(F27<>"",ISNUMBER(SEARCH(UPPER(F27),UPPER(Sanctions_PEP_List!$B$2:$B$26))),1)) -> 0 | J27: =SUMPRODUCT((UPPER(TRIM(Sanctions_PEP_List!$B$2:$B$26))=UPPER(TRIM(B27)))*(((Sanctions_PEP_List!$F$2:$F$26<>"")*(C27<>"")*(Sanctions_PEP_List!$F$2:$F$26=C27))+(Sanctions_PEP_List!$E$2:$E$26=D27))) -> 0 | K27: {=_xlfn.TEXTJOIN(", ",TRUE(),IF((UPPER(TRIM(Sanctions_PEP_List!$B$2:$B$26))=UPPER(TRIM(B27)))+(ISNUMBER(SEARCH(UPPER(TRIM(B27)),UPPER(Sanctions_PEP_List!$C$2:$C$26))))>0,Sanctions_PEP_List!$B$2:$B$26,""))} | L27: {=_xlfn.TEXTJOIN(", ",TRUE(),IF((UPPER(TRIM(Sanctions_PEP_List!$B$2:$B$26))=UPPER(TRIM(B27)))+(ISNUMBER(SEARCH(UPPER(TRIM(B27)),UPPER(Sanctions_PEP_List!$C$2:$C$26))))>0,Sanctions_PEP_List!$G$2:$G$26,""))} | M27: {=_xlfn.TEXTJOIN(", ",TRUE(),IF(ISNUMBER(SEARCH(UPPER(E27),UPPER(Sanctions_PEP_List!$B$2:$B$26)))*IF(F27<>"",ISNUMBER(SEARCH(UPPER(F27),UPPER(Sanctions_PEP_List!$B$2:$B$26))),1)>0,Sanctions_PEP_List!$B$2:$B$26,""))} | N27: =IF(G27>0,"CONFIRMED NAME MATCH - escalate for identity verification",IF(H27>0,"ALIAS MATCH - escalate for identity verification",IF(I27>=1,"POSSIBLE MATCH (partial name) - manual review","CLEAR"))) -> CLEAR
A28: C027 | B28: Ahmed Hassan | C28: 1982-04-06 | D28: US | E28: =TRIM(LEFT(B28,FIND(" ",B28&" ")-1)) -> Ahmed | F28: =TRIM(MID(B28,FIND(" ",B28&" ")+1,255)) -> Hassan | G28: =SUMPRODUCT(--(UPPER(TRIM(Sanctions_PEP_List!$B$2:$B$26))=UPPER(TRIM(B28)))) -> 0 | H28: =SUMPRODUCT(--ISNUMBER(SEARCH(UPPER(TRIM(B28)),UPPER(Sanctions_PEP_List!$C$2:$C$26)))) -> 0 | I28: =SUMPRODUCT(ISNUMBER(SEARCH(UPPER(E28),UPPER(Sanctions_PEP_List!$B$2:$B$26)))*IF(F28<>"",ISNUMBER(SEARCH(UPPER(F28),UPPER(Sanctions_PEP_List!$B$2:$B$26))),1)) -> 0 | J28: =SUMPRODUCT((UPPER(TRIM(Sanctions_PEP_List!$B$2:$B$26))=UPPER(TRIM(B28)))*(((Sanctions_PEP_List!$F$2:$F$26<>"")*(C28<>"")*(Sanctions_PEP_List!$F$2:$F$26=C28))+(Sanctions_PEP_List!$E$2:$E$26=D28))) -> 0 | K28: {=_xlfn.TEXTJOIN(", ",TRUE(),IF((UPPER(TRIM(Sanctions_PEP_List!$B$2:$B$26))=UPPER(TRIM(B28)))+(ISNUMBER(SEARCH(UPPER(TRIM(B28)),UPPER(Sanctions_PEP_List!$C$2:$C$26))))>0,Sanctions_PEP_List!$B$2:$B$26,""))} | L28: {=_xlfn.TEXTJOIN(", ",TRUE(),IF((UPPER(TRIM(Sanctions_PEP_List!$B$2:$B$26))=UPPER(TRIM(B28)))+(ISNUMBER(SEARCH(UPPER(TRIM(B28)),UPPER(Sanctions_PEP_List!$C$2:$C$26))))>0,Sanctions_PEP_List!$G$2:$G$26,""))} | M28: {=_xlfn.TEXTJOIN(", ",TRUE(),IF(ISNUMBER(SEARCH(UPPER(E28),UPPER(Sanctions_PEP_List!$B$2:$B$26)))*IF(F28<>"",ISNUMBER(SEARCH(UPPER(F28),UPPER(Sanctions_PEP_List!$B$2:$B$26))),1)>0,Sanctions_PEP_List!$B$2:$B$26,""))} | N28: =IF(G28>0,"CONFIRMED NAME MATCH - escalate for identity verification",IF(H28>0,"ALIAS MATCH - escalate for identity verification",IF(I28>=1,"POSSIBLE MATCH (partial name) - manual review","CLEAR"))) -> CLEAR
A29: C028 | B29: Grace Chen | C29: 1991-12-12 | D29: US | E29: =TRIM(LEFT(B29,FIND(" ",B29&" ")-1)) -> Grace | F29: =TRIM(MID(B29,FIND(" ",B29&" ")+1,255)) -> Chen | G29: =SUMPRODUCT(--(UPPER(TRIM(Sanctions_PEP_List!$B$2:$B$26))=UPPER(TRIM(B29)))) -> 0 | H29: =SUMPRODUCT(--ISNUMBER(SEARCH(UPPER(TRIM(B29)),UPPER(Sanctions_PEP_List!$C$2:$C$26)))) -> 0 | I29: =SUMPRODUCT(ISNUMBER(SEARCH(UPPER(E29),UPPER(Sanctions_PEP_List!$B$2:$B$26)))*IF(F29<>"",ISNUMBER(SEARCH(UPPER(F29),UPPER(Sanctions_PEP_List!$B$2:$B$26))),1)) -> 0 | J29: =SUMPRODUCT((UPPER(TRIM(Sanctions_PEP_List!$B$2:$B$26))=UPPER(TRIM(B29)))*(((Sanctions_PEP_List!$F$2:$F$26<>"")*(C29<>"")*(Sanctions_PEP_List!$F$2:$F$26=C29))+(Sanctions_PEP_List!$E$2:$E$26=D29))) -> 0 | K29: {=_xlfn.TEXTJOIN(", ",TRUE(),IF((UPPER(TRIM(Sanctions_PEP_List!$B$2:$B$26))=UPPER(TRIM(B29)))+(ISNUMBER(SEARCH(UPPER(TRIM(B29)),UPPER(Sanctions_PEP_List!$C$2:$C$26))))>0,Sanctions_PEP_List!$B$2:$B$26,""))} | L29: {=_xlfn.TEXTJOIN(", ",TRUE(),IF((UPPER(TRIM(Sanctions_PEP_List!$B$2:$B$26))=UPPER(TRIM(B29)))+(ISNUMBER(SEARCH(UPPER(TRIM(B29)),UPPER(Sanctions_PEP_List!$C$2:$C$26))))>0,Sanctions_PEP_List!$G$2:$G$26,""))} | M29: {=_xlfn.TEXTJOIN(", ",TRUE(),IF(ISNUMBER(SEARCH(UPPER(E29),UPPER(Sanctions_PEP_List!$B$2:$B$26)))*IF(F29<>"",ISNUMBER(SEARCH(UPPER(F29),UPPER(Sanctions_PEP_List!$B$2:$B$26))),1)>0,Sanctions_PEP_List!$B$2:$B$26,""))} | N29: =IF(G29>0,"CONFIRMED NAME MATCH - escalate for identity verification",IF(H29>0,"ALIAS MATCH - escalate for identity verification",IF(I29>=1,"POSSIBLE MATCH (partial name) - manual review","CLEAR"))) -> CLEAR
A30: C029 | B30: Robert Hayes | C30: 1975-10-30 | D30: US | E30: =TRIM(LEFT(B30,FIND(" ",B30&" ")-1)) -> Robert | F30: =TRIM(MID(B30,FIND(" ",B30&" ")+1,255)) -> Hayes | G30: =SUMPRODUCT(--(UPPER(TRIM(Sanctions_PEP_List!$B$2:$B$26))=UPPER(TRIM(B30)))) -> 0 | H30: =SUMPRODUCT(--ISNUMBER(SEARCH(UPPER(TRIM(B30)),UPPER(Sanctions_PEP_List!$C$2:$C$26)))) -> 0 | I30: =SUMPRODUCT(ISNUMBER(SEARCH(UPPER(E30),UPPER(Sanctions_PEP_List!$B$2:$B$26)))*IF(F30<>"",ISNUMBER(SEARCH(UPPER(F30),UPPER(Sanctions_PEP_List!$B$2:$B$26))),1)) -> 0 | J30: =SUMPRODUCT((UPPER(TRIM(Sanctions_PEP_List!$B$2:$B$26))=UPPER(TRIM(B30)))*(((Sanctions_PEP_List!$F$2:$F$26<>"")*(C30<>"")*(Sanctions_PEP_List!$F$2:$F$26=C30))+(Sanctions_PEP_List!$E$2:$E$26=D30))) -> 0 | K30: {=_xlfn.TEXTJOIN(", ",TRUE(),IF((UPPER(TRIM(Sanctions_PEP_List!$B$2:$B$26))=UPPER(TRIM(B30)))+(ISNUMBER(SEARCH(UPPER(TRIM(B30)),UPPER(Sanctions_PEP_List!$C$2:$C$26))))>0,Sanctions_PEP_List!$B$2:$B$26,""))} | L30: {=_xlfn.TEXTJOIN(", ",TRUE(),IF((UPPER(TRIM(Sanctions_PEP_List!$B$2:$B$26))=UPPER(TRIM(B30)))+(ISNUMBER(SEARCH(UPPER(TRIM(B30)),UPPER(Sanctions_PEP_List!$C$2:$C$26))))>0,Sanctions_PEP_List!$G$2:$G$26,""))} | M30: {=_xlfn.TEXTJOIN(", ",TRUE(),IF(ISNUMBER(SEARCH(UPPER(E30),UPPER(Sanctions_PEP_List!$B$2:$B$26)))*IF(F30<>"",ISNUMBER(SEARCH(UPPER(F30),UPPER(Sanctions_PEP_List!$B$2:$B$26))),1)>0,Sanctions_PEP_List!$B$2:$B$26,""))} | N30: =IF(G30>0,"CONFIRMED NAME MATCH - escalate for identity verification",IF(H30>0,"ALIAS MATCH - escalate for identity verification",IF(I30>=1,"POSSIBLE MATCH (partial name) - manual review","CLEAR"))) -> CLEAR
A31: C030 | B31: Nadia Petrov | C31: 1986-06-14 | D31: US | E31: =TRIM(LEFT(B31,FIND(" ",B31&" ")-1)) -> Nadia | F31: =TRIM(MID(B31,FIND(" ",B31&" ")+1,255)) -> Petrov | G31: =SUMPRODUCT(--(UPPER(TRIM(Sanctions_PEP_List!$B$2:$B$26))=UPPER(TRIM(B31)))) -> 0 | H31: =SUMPRODUCT(--ISNUMBER(SEARCH(UPPER(TRIM(B31)),UPPER(Sanctions_PEP_List!$C$2:$C$26)))) -> 0 | I31: =SUMPRODUCT(ISNUMBER(SEARCH(UPPER(E31),UPPER(Sanctions_PEP_List!$B$2:$B$26)))*IF(F31<>"",ISNUMBER(SEARCH(UPPER(F31),UPPER(Sanctions_PEP_List!$B$2:$B$26))),1)) -> 0 | J31: =SUMPRODUCT((UPPER(TRIM(Sanctions_PEP_List!$B$2:$B$26))=UPPER(TRIM(B31)))*(((Sanctions_PEP_List!$F$2:$F$26<>"")*(C31<>"")*(Sanctions_PEP_List!$F$2:$F$26=C31))+(Sanctions_PEP_List!$E$2:$E$26=D31))) -> 0 | K31: {=_xlfn.TEXTJOIN(", ",TRUE(),IF((UPPER(TRIM(Sanctions_PEP_List!$B$2:$B$26))=UPPER(TRIM(B31)))+(ISNUMBER(SEARCH(UPPER(TRIM(B31)),UPPER(Sanctions_PEP_List!$C$2:$C$26))))>0,Sanctions_PEP_List!$B$2:$B$26,""))} | L31: {=_xlfn.TEXTJOIN(", ",TRUE(),IF((UPPER(TRIM(Sanctions_PEP_List!$B$2:$B$26))=UPPER(TRIM(B31)))+(ISNUMBER(SEARCH(UPPER(TRIM(B31)),UPPER(Sanctions_PEP_List!$C$2:$C$26))))>0,Sanctions_PEP_List!$G$2:$G$26,""))} | M31: {=_xlfn.TEXTJOIN(", ",TRUE(),IF(ISNUMBER(SEARCH(UPPER(E31),UPPER(Sanctions_PEP_List!$B$2:$B$26)))*IF(F31<>"",ISNUMBER(SEARCH(UPPER(F31),UPPER(Sanctions_PEP_List!$B$2:$B$26))),1)>0,Sanctions_PEP_List!$B$2:$B$26,""))} | N31: =IF(G31>0,"CONFIRMED NAME MATCH - escalate for identity verification",IF(H31>0,"ALIAS MATCH - escalate for identity verification",IF(I31>=1,"POSSIBLE MATCH (partial name) - manual review","CLEAR"))) -> CLEAR
